frame,posbox1,negbox1,posbox2,negbox2
61266,68,59,72,60
61267,63,60,72,60
61268,65,60,72,60
61269,65,60,72,60
61270,47,61,72,61
61271,14,57,72,61
61272,0,51,72,61
61273,0,49,72,61
61274,0,49,73,61
61275,0,38,73,61
61276,46,1,73,61
61277,46,1,73,61
61278,69,1,73,61
61279,69,13,73,61
61280,69,44,73,61
61281,69,59,73,61
61282,69,59,73,61
61283,69,59,73,61
61284,85,75,89,78
61285,96,90,97,89
61286,96,90,97,89
61287,100,98,100,96
61288,100,98,100,97
61289,100,99,100,87
61290,100,99,100,81
61291,99,98,99,79
61292,99,98,99,79
61293,99,98,99,78
61294,99,98,94,86
61295,99,98,94,89
61296,98,98,95,96
61297,98,97,87,97
61298,97,96,86,97
61299,97,96,92,97
61300,97,96,94,96
61301,97,96,97,96
61302,96,96,96,96
61303,96,96,96,96
61304,96,96,96,96
61305,96,96,96,96
61306,96,96,96,96
61307,96,95,96,95
61308,96,95,96,95
61309,96,95,96,95
61310,96,95,96,95
61311,96,95,96,95
61312,96,95,96,95
61313,96,95,96,95
61314,96,95,96,96
61315,96,95,96,96
61316,96,95,96,96
61317,96,95,96,96
61318,96,95,96,96
61319,96,95,96,96
61320,96,95,96,96
61321,96,95,96,96
61322,96,95,96,95
61323,96,95,96,95
61324,96,95,96,95
61325,97,94,97,94
61326,99,94,99,96
61327,95,90,100,95
61328,94,88,99,92
61329,94,87,96,90
61330,80,70,82,71
61331,75,66,78,67
61332,73,63,76,64
61333,73,63,76,64
61334,70,61,73,62
61335,70,61,73,62
61336,70,60,73,61
61337,71,60,73,61
61338,70,60,73,61
61339,70,60,73,61
61340,70,60,73,61
61341,70,60,73,62
61342,70,61,73,62
61343,71,61,74,62
61344,71,61,74,62
61345,71,62,75,64
61346,71,62,75,64
61347,72,62,76,64
61348,72,63,75,64
61349,72,63,75,64
61350,72,63,76,64
61351,72,63,76,64
61352,72,63,76,65
61353,72,63,75,64
61354,72,63,75,64
61355,71,62,75,64
61356,70,61,74,63
61357,70,61,74,63
61358,70,61,74,63
61359,70,61,73,62
61360,70,61,73,62
61361,70,60,73,62
61362,70,60,73,61
61363,70,60,73,61
61364,70,60,73,61
61365,69,60,73,61
61366,70,60,73,61
61367,69,60,72,61
61368,69,59,72,60
61369,69,59,72,60
61370,69,59,72,60
61371,69,59,72,60
61372,69,59,72,60
61373,69,59,72,60
61374,69,59,72,60
61375,69,59,72,60
61376,69,59,72,60
61377,69,59,72,60
61378,69,59,72,60
61379,69,59,72,60
61380,69,59,72,60
61381,69,59,72,60
61382,69,59,72,60
61383,69,59,72,60
61384,69,59,72,60
61385,69,59,72,60
61386,69,59,72,60
61387,69,59,72,60
61388,69,59,72,60
61389,69,59,72,60
61390,69,59,72,60
61391,69,59,72,60
61392,69,59,72,60
61393,69,59,72,60
61394,69,59,72,60
61395,69,59,72,60
61396,69,59,72,60
61397,69,59,72,60
61398,69,59,72,60
61399,69,59,72,60
61400,69,59,72,60
61401,69,59,72,60
61402,69,59,72,60
61403,69,59,72,60
61404,69,59,72,60
61405,69,59,72,60
61406,69,59,72,60
61407,69,59,72,60
61408,69,59,72,60
61409,69,59,72,60
61410,69,59,72,60
61411,69,59,72,60
61412,69,59,72,60
61413,69,59,72,60
61414,69,59,72,60
61415,69,59,72,60
61416,69,59,72,60
61417,69,59,72,60
61418,69,59,72,60
61419,69,59,72,60
61420,69,59,72,60
61421,69,59,72,60
61422,69,59,72,60
61423,69,59,72,60
61424,69,59,72,60
61425,69,59,72,61
61426,69,59,72,61
61427,69,59,72,61
61428,69,59,72,61
61429,69,59,72,61
61430,69,59,72,61
61431,69,59,72,61
61432,69,59,72,61
61433,69,59,72,61
61434,69,59,72,61
61435,69,59,72,61
61436,69,59,72,61
61437,69,59,72,61
61438,69,59,72,61
61439,69,59,72,60
61440,69,59,72,60
61441,69,59,72,60
61442,69,59,72,60
61443,69,59,72,60
61444,69,59,72,60
61445,69,59,72,60
61446,69,59,72,60
61447,69,59,72,60
61448,69,59,72,60
61449,69,59,72,60
61450,69,59,72,60
61451,69,59,72,60
61452,69,59,72,60
61453,69,59,72,60
61454,69,59,72,60
61455,69,59,72,60
61456,69,59,72,60
61457,69,59,72,60
61458,69,59,72,60
61459,69,59,72,60
61460,69,59,72,60
61461,69,59,72,60
61462,69,59,72,60
61463,69,59,71,60
61464,69,59,70,60
61465,69,59,70,60
61466,69,59,71,60
61467,69,59,61,60
61468,69,59,24,60
61469,69,59,1,60
61470,69,59,1,56
61471,69,59,1,56
61472,69,59,21,28
61473,69,59,72,2
61474,69,59,73,2
61475,69,59,73,2
61476,69,59,73,2
61477,69,59,73,32
61478,69,59,73,61
61479,69,59,73,62
61480,70,60,73,62
61481,78,69,79,69
61482,91,80,93,85
61483,97,89,97,95
61484,98,92,100,98
61485,98,92,100,98
61486,100,75,100,99
61487,100,73,100,99
61488,100,75,100,99
61489,96,74,100,99
61490,88,69,99,99
61491,84,78,99,99
61492,83,89,99,98
61493,84,95,98,98
61494,86,97,97,96
61495,86,97,97,96
61496,95,96,96,96
61497,96,96,96,95
61498,96,95,96,95
61499,95,95,95,95
61500,95,95,95,95
61501,96,95,96,95
61502,96,95,96,95
61503,96,95,96,95
61504,96,95,96,95
61505,96,95,96,95
61506,96,95,96,95
61507,96,95,96,95
61508,96,95,96,95
61509,96,95,96,95
61510,96,95,96,95
61511,96,95,96,95
61512,96,95,96,95
61513,96,95,96,95
61514,96,95,96,95
61515,96,96,96,96
61516,96,96,96,96
61517,96,96,96,96
61518,96,96,96,96
61519,96,96,96,96
61520,96,96,96,96
61521,96,96,96,96
61522,96,96,96,96
61523,96,95,96,95
61524,96,95,96,95
61525,97,95,97,96
61526,97,95,97,96
61527,97,93,98,93
61528,96,92,97,91
61529,88,82,94,85
61530,82,74,86,75
61531,76,68,80,69
61532,76,68,80,69
61533,73,65,77,66
61534,70,62,74,63
61535,70,62,74,63
61536,70,61,74,62
